ID,Actual Electricity energy,Predicted Electricity energy,Actual Gas energy,Predicted Gas energy
Test_0,0.2954635643317722,0.2967410583496094,0.433234920769541,0.42975210571289063
Test_1,0.6889782867350105,0.6892234497070312,0.0,-0.00019582392275333405
Test_2,0.22554659559964452,0.228927734375,0.4598223356899219,0.45756027221679685
Test_3,0.23249863436876203,0.231619140625,0.389807798658454,0.38498870849609373
Test_4,0.2612484239069575,0.2587308959960937,0.4098763945097953,0.41279446411132814
Test_5,0.5780102468324564,0.575005859375,0.0,0.00027194860577583313
Test_6,0.5885745123826229,0.5866211547851562,0.0,3.0295705422759056e-05
Test_7,0.6101003055694182,0.61203564453125,0.0,7.799006532877684e-06
Test_8,0.6250928560873911,0.6246652221679687,0.0,0.00024938087165355684
Test_9,0.5850415666806579,0.5819139404296875,0.0,5.3037621080875396e-05
Test_10,0.19458017178332573,0.20200857543945314,0.4562350439927837,0.4641394958496094
Test_11,0.5081092263072405,0.5108710632324219,0.0,7.399920374155044e-05
Test_12,0.2340069508184474,0.23588230895996093,0.523135823760624,0.51515185546875
Test_13,0.225945060334762,0.22649822998046876,0.31555629286006087,0.31530157470703124
Test_14,0.5568618092701201,0.5609680786132812,0.0,-0.00018074674904346467
Test_15,0.7467890786150396,0.718689208984375,0.0,0.007004239559173584
Test_16,0.2569920372401774,0.2516766967773437,0.3474670847805793,0.3521580200195312
Test_17,0.21238145296633143,0.21375357055664063,0.30822662516197563,0.30829510498046875
Test_18,0.6085514152770308,0.6104208984375,0.0,-0.00012973125278949738
Test_19,0.2815381719643028,0.28349462890625,0.4952873096219412,0.4778058166503906
Test_20,0.2261793176538685,0.22749520874023438,0.2793923372851952,0.27699276733398437
Test_21,0.2930197988866272,0.28705865478515624,0.4202144419255992,0.4239361572265625
Test_22,0.19822341161818635,0.2062386016845703,0.3347793526796018,0.34015850830078126
Test_23,0.6419070615518737,0.6413458251953125,0.0,-5.7358883321285246e-05
Test_24,0.5469669097757955,0.5562455444335938,0.0,-9.10923108458519e-05
Test_25,0.4678447739186295,0.480193359375,0.0,0.00011111912876367568
Test_26,0.575259815413949,0.5711851196289063,0.0,8.87439399957657e-06
Test_27,0.6003528580579304,0.6036722412109375,0.0,-0.00016744811832904817
Test_28,0.19125032219482074,0.1909317626953125,0.531846535702542,0.5308933715820312
Test_29,0.6852728800675693,0.6817509155273438,0.0,-5.6264959275722504e-05
Test_30,0.34062809875762246,0.34049783325195315,0.3161826180864715,0.3170684814453125
Test_31,0.24680370636712257,0.25287657165527344,0.3653651186342285,0.361520751953125
Test_32,0.5613668385683863,0.5628248901367188,0.0,1.4877236448228359e-05
Test_33,0.2583098825071102,0.25519973754882813,0.4303794160726421,0.4258899230957031
Test_34,0.5752373932593287,0.5788720092773437,0.0,-0.0001146986111998558
Test_35,0.6078496012025743,0.6095025634765625,0.0,-0.00021423746645450592
Test_36,0.588807369464357,0.5899190063476563,0.0,0.00013329699635505676
Test_37,0.2524710487028475,0.25542214965820315,0.3357366352099916,0.328955078125
Test_38,0.34554779583788453,0.3317589111328125,0.5107938436591715,0.5247259521484375
Test_39,0.5849145633276865,0.5961773681640625,0.0,4.512522369623184e-05
Test_40,0.5652656415409517,0.568423828125,0.0,0.0001016775742173195
Test_41,0.634802278540994,0.6375904541015625,0.0,7.636764086782933e-06
Test_42,0.6261379057550964,0.6336467895507812,0.0,7.602480798959732e-05
Test_43,0.5769582278155294,0.5703224487304688,0.0,0.00020848461985588073
Test_44,0.18669578621262026,0.20337258911132813,0.4365438165496036,0.44928128051757815
Test_45,0.23331549163457413,0.23910545349121093,0.3081893791893051,0.3070080871582031
Test_46,0.6187042421064701,0.6195089111328125,0.0,1.9192611798644066e-05
Test_47,0.4924104504184732,0.5031239013671875,0.0,-0.0005467358231544495
Test_48,0.2798670561959451,0.28356973266601565,0.39362283913562335,0.3834898681640625
Test_49,0.24660785299958354,0.24290986633300782,0.3011148476962644,0.30671975708007815
Test_50,0.579579206502419,0.5780836181640625,0.0,-4.803486913442612e-05
Test_51,0.596726144333417,0.591807373046875,0.0,-1.2967371381819249e-05
Test_52,0.38194794483678995,0.3454645690917969,0.49109293772218615,0.5069385681152344
Test_53,0.2636092626804677,0.2573921813964844,0.3609601804997909,0.366284423828125
Test_54,0.5799925931334196,0.5829151000976562,0.0,-0.00022572900354862212
Test_55,0.6291411009273693,0.6308619384765625,0.0,5.364236980676651e-05
Test_56,0.5547493088127392,0.5570734252929688,0.0,-5.947985500097275e-05
Test_57,0.19929123333158338,0.191641845703125,0.3214800841044781,0.342966064453125
Test_58,0.22960515699443512,0.22735455322265624,0.3866647584584445,0.38519400024414063
Test_59,0.30479874788669736,0.3070369262695313,0.4407267323451505,0.43697262573242185
Test_60,0.20581974739447131,0.20612196350097656,0.5459990198897537,0.5381607055664063
Test_61,0.7518858240559508,0.7499036865234375,0.0,0.0008650848269462586
Test_62,0.6118680355700791,0.6109774169921875,0.0,4.572538286447525e-05
Test_63,0.6066728985164972,0.6030517578125,0.0,-2.741184085607529e-05
Test_64,0.27935338769265805,0.29074411010742185,0.533099835560306,0.5246652221679687
Test_65,0.2156012340434082,0.2173350830078125,0.4692244517128653,0.47320391845703125
Test_66,0.24295038127625307,0.25143392944335935,0.3254710699815516,0.32706475830078124
Test_67,0.21027300622269768,0.20400804138183593,0.5656407363601023,0.5540071411132812
Test_68,0.6850974975272363,0.6818145751953125,0.0,-0.0005955784916877746
Test_69,0.2785353609478259,0.2916532897949219,0.6011384717065745,0.6055725708007812
Test_70,0.6841331363446153,0.6836285400390625,0.0,9.960959106683731e-05
Test_71,0.35079499363260197,0.3436764831542969,0.37064800014749777,0.36939938354492186
Test_72,0.33112289665100786,0.3288594970703125,0.2857199198376548,0.28699627685546875
Test_73,0.6497717152862216,0.6515374755859376,0.0,-7.339080423116684e-05
Test_74,0.3215645880998583,0.31345556640625,0.36501523943275727,0.3620779113769531
Test_75,0.2741684341334753,0.26956341552734375,0.3141341722229076,0.3164510803222656
Test_76,0.6271593942796287,0.6254874267578125,0.0,-9.616788476705551e-05
Test_77,0.22824300794327376,0.2197819061279297,0.34353692003564906,0.3526346740722656
Test_78,0.4780230960029175,0.48460821533203124,0.0,-4.129805415868759e-05
Test_79,0.7033384650995725,0.7041339721679688,0.0,-2.250694204121828e-06
Test_80,0.3090417842765746,0.3138609924316406,0.3278159382828121,0.33066497802734374
Test_81,0.6142142958242908,0.6187147216796876,0.0,-4.8327170312404635e-05
Test_82,0.2726978744627615,0.27519186401367185,0.5016948931327979,0.49225225830078123
Test_83,0.701568675149838,0.708452880859375,0.0,0.00133242404460907
Test_84,0.21697155688142458,0.21545867919921874,0.3863153753038784,0.3842286987304688
Test_85,0.7262622846599291,0.7246156616210937,0.0,5.548336077481508e-06
Test_86,0.22259332719951574,0.22849478149414063,0.28237476319199034,0.28212643432617185
Test_87,0.6433866069103353,0.6434718017578125,0.0,-0.0001482284963130951
Test_88,0.20811620719353335,0.21087628173828124,0.36532526006566,0.3754248046875
Test_89,0.6007728108262104,0.6057867431640624,0.0,4.628721624612808e-05
Test_90,0.6390507720342161,0.6411175537109375,0.0,-4.58347424864769e-05
Test_91,0.5403961367283417,0.5408079223632812,0.0,-6.771709769964217e-05
Test_92,0.6553417143583791,0.65834765625,0.0,-6.63570985198021e-05
Test_93,0.22735806078966658,0.22518751525878905,0.4142490748112919,0.4237117004394531
Test_94,0.26310235993847025,0.25139866638183594,0.33401120639584764,0.334880126953125
Test_95,0.5059089570486106,0.5130051879882812,0.0,-0.00015512587130069733
Test_96,0.29658355796092145,0.29886349487304686,0.4052508499995277,0.4085494384765625
Test_97,0.6360819626840033,0.6418305053710938,0.0,-8.00850335508585e-06
Test_98,0.3226821673685428,0.3214503479003906,0.31608754666528344,0.31630892944335937
Test_99,0.26080626872098034,0.25831439208984375,0.40922178688123856,0.4097086181640625
Test_100,0.5232278416779865,0.5059937133789062,0.0,-0.0013485170602798463
Test_101,0.6184756963521838,0.617240234375,0.0,-3.449692577123642e-05
Test_102,0.2772018749287938,0.27662664794921876,0.33364206905663957,0.33978939819335935
Test_103,0.7738267582474386,0.7696297607421875,0.0,4.510382562875748e-05
Test_104,0.33588060534779934,0.3345281982421875,0.3683291145906103,0.3663263549804687
Test_105,0.2396835819301916,0.23227825927734375,0.2954378069158708,0.3027447204589844
Test_106,0.5698429997779417,0.5718470458984375,0.0,-0.0004316059648990631
Test_107,0.6224223194766535,0.6174573364257813,0.0,5.092332512140274e-05
Test_108,0.6768693951135525,0.6867760009765626,0.0,-8.767344802618027e-05
Test_109,0.5104028178423119,0.5145629272460938,0.0,0.00034912177920341493
Test_110,0.3096755900434011,0.31064093017578126,0.2759934712816938,0.2767761535644531
Test_111,0.20118463080524393,0.2059359130859375,0.38548800328345356,0.3756207275390625
Test_112,0.5215910164400727,0.5158956909179687,0.0,-7.655151933431625e-05
Test_113,0.546573497826412,0.5455936279296875,0.0,-1.8325529992580413e-05
Test_114,0.7004256411818731,0.7044462280273438,0.0,8.081922680139541e-05
Test_115,0.5581976795834804,0.566057373046875,0.0,-0.0032200374603271486
Test_116,0.2112678780633341,0.21150987243652344,0.281885031817359,0.2845850830078125
Test_117,0.23552300054587422,0.23704641723632813,0.3852968614823609,0.38528732299804686
Test_118,0.27340100396787465,0.26817425537109374,0.5423996188644447,0.5342274169921875
Test_119,0.22363248815281161,0.23309864807128905,0.2750597601682996,0.2785628662109375
Test_120,0.3354702527745359,0.33881268310546875,0.28485843577470105,0.28343197631835937
Test_121,0.3078841803919953,0.30611477661132813,0.31048116638487344,0.30808538818359377
Test_122,0.5754996609386208,0.5757208251953125,0.0,4.266253858804703e-05
Test_123,0.6903936546174192,0.684906494140625,0.0,0.00028888460993766786
Test_124,0.6210711698456454,0.6277666015625,0.0,0.00043998107314109804
Test_125,0.2602630994648333,0.26354107666015625,0.3573757816588001,0.3561429138183594
Test_126,0.33120539117944303,0.32875762939453124,0.43091635758059166,0.4345101013183594
Test_127,0.6751050196351887,0.6794321899414062,0.0,-0.00015212292969226838
Test_128,0.20722277170069098,0.20223626708984374,0.39443667897312273,0.3878209228515625
Test_129,0.47893240966304995,0.485580322265625,0.0,5.157051235437393e-05
Test_130,0.5964155018318364,0.5927638549804688,0.0,-0.00021677304804325104
Test_131,0.2992100882851355,0.3018467712402344,0.31284236425777046,0.3130403747558594
Test_132,0.6219101489719039,0.6307574462890625,0.0,0.002336803913116455
Test_133,0.48118153705828165,0.48696853637695314,0.0,-0.00014513227343559266
Test_134,0.5414197297514489,0.554383056640625,0.0,9.239950217306614e-06
Test_135,0.6983896451462348,0.6954244995117187,0.0,0.0005831725597381592
Test_136,0.5732848854190988,0.5691471557617187,0.0,3.564450889825821e-05
Test_137,0.6310268331348491,0.6296884765625,0.0,-0.0004721764624118805
Test_138,0.2037841517051007,0.208269775390625,0.40620950000046807,0.40171923828125
Test_139,0.622776327273407,0.6205850830078125,0.0,0.00033512023091316224
Test_140,0.7277608412147669,0.7315370483398438,0.0,8.579687029123306e-05
Test_141,0.28754690605273814,0.2900424499511719,0.2876788981750817,0.2899522399902344
Test_142,0.6022215135616762,0.6009572143554688,0.0,-7.673823274672031e-06
Test_143,0.22572208956074202,0.22620536804199218,0.37925951990701023,0.38124349975585936
Test_144,0.21954005609792765,0.21724407958984376,0.38346421074016196,0.3826412658691406
Test_145,0.49648719230246413,0.48872027587890626,0.0,-3.2755695283412937e-05
Test_146,0.46259334293594545,0.46389859008789064,0.0,-8.666875213384628e-05
Test_147,0.5706526746357792,0.5793564453125,0.0,-2.1502936258912086e-05
Test_148,0.23270525557038954,0.24062503051757814,0.28088041213626996,0.2811370544433594
Test_149,0.6394981805459604,0.650693359375,0.0,0.00013940982520580292
Test_150,0.22458436251018976,0.22534109497070312,0.47718965719272466,0.4582564392089844
Test_151,0.6476732902405388,0.6381074829101563,0.0,0.0009757373929023742
Test_152,0.2504134802400759,0.2636853637695312,0.40015273996982803,0.39501602172851563
Test_153,0.4565545323401022,0.4640191955566406,0.0,6.283858790993691e-06
Test_154,0.332068600909425,0.320747314453125,0.427278520813955,0.4169723815917969
Test_155,0.23437842628513,0.23503515625,0.4847617799050276,0.4829834899902344
Test_156,0.2826217262838501,0.2855968322753906,0.2814543845480824,0.2818363952636719
Test_157,0.7288867873991667,0.7255169677734375,0.0,-7.761933654546737e-05
Test_158,0.22460767229978837,0.2242717742919922,0.38316228933215024,0.3814105529785156
Test_159,0.22985743253277385,0.23021127319335938,0.3838508912946045,0.38725
Test_160,0.5549056876186633,0.55168212890625,0.0,2.8170980513095856e-05
Test_161,0.5539626975566442,0.5619058227539062,0.0,4.016587883234024e-05
Test_162,0.6340774032050387,0.6317003784179688,0.0,-7.752402871847153e-05
Test_163,0.2117817289798844,0.21818820190429689,0.34561180505690714,0.34972607421875
Test_164,0.2591678746226358,0.26190737915039064,0.39407018944026095,0.38944317626953123
Test_165,0.2631934482225595,0.2641830749511719,0.36064002203950163,0.3598109130859375
Test_166,0.753531626923591,0.7365662841796875,0.0,0.0007024869322776794
Test_167,0.45261341719123455,0.4631456604003906,0.0,0.00041667184233665466
Test_168,0.2521961927469246,0.25342550659179686,0.53402902400465,0.522163818359375
Test_169,0.6908091909308762,0.689818115234375,0.0,-1.789601892232895e-05
Test_170,0.4752024954351089,0.4875719299316406,0.0,-1.7872121185064317e-05
Test_171,0.28416645901638343,0.292216796875,0.6019762718537676,0.6083704833984375
Test_172,0.5524445775145408,0.551077880859375,0.0,-9.451889432966708e-06
Test_173,0.22118249984570942,0.22245095825195313,0.4390002737724359,0.43680343627929685
Test_174,0.4348699791586726,0.43778945922851564,0.0,0.00026517155766487123
Test_175,0.29274838287760874,0.28168017578125,0.46137644725758437,0.47619668579101565
Test_176,0.3524912210145725,0.35254568481445314,0.2835022681729705,0.2943304138183594
Test_177,0.48330588486546655,0.48855596923828126,0.0,-0.00016327877342700958
Test_178,0.6854788876663187,0.6870877685546875,0.0,-0.00010997422784566879
Test_179,0.20805734453212096,0.2108137969970703,0.31171207014586655,0.3225514831542969
Test_180,0.2219939821051189,0.2204203338623047,0.3472622122922463,0.36141912841796875
Test_181,0.469060003857874,0.47447393798828125,0.0,7.638255506753922e-05
Test_182,0.20909887783531883,0.2298555908203125,0.3631608370082597,0.3802933654785156
Test_183,0.6221091041987125,0.6310765380859376,0.0,1.5957333147525788e-05
Test_184,0.7418142052641944,0.7414291381835938,0.0,1.1546588502824307e-05
Test_185,0.4159143613401814,0.396840087890625,0.36492290247187625,0.3724100341796875
Test_186,0.46513633605366,0.4759825134277344,0.0,0.00024803946912288667
Test_187,0.2179479708019962,0.20943356323242188,0.35796620384224326,0.35827743530273437
Test_188,0.2191930753839093,0.22445880126953124,0.3106950531775893,0.3143771667480469
Test_189,0.6297158196427514,0.6320408935546875,0.0,0.00018418668210506438
Test_190,0.1812606942035335,0.18457667541503905,0.39240781304689815,0.3632317810058594
Test_191,0.763530514256578,0.7598424682617188,0.0,0.00017609696090221404
Test_192,0.2997742520089713,0.2949983215332031,0.4041201286648485,0.41446002197265625
Test_193,0.26656638774082114,0.2708858642578125,0.40468364559916126,0.406714599609375
Test_194,0.2162981537216537,0.2150655975341797,0.4104027800754245,0.40740237426757814
Test_195,0.6311456171953852,0.6297868041992187,0.0,0.00014031867682933808
Test_196,0.6296735832452015,0.6323817749023437,0.0,-5.638681817799807e-06
Test_197,0.3019711111346326,0.2994686584472656,0.4108350495416948,0.40680789184570315
Test_198,0.1809756342749637,0.18408009338378906,0.4033173084319019,0.3998094177246094
Test_199,0.5447717601735511,0.5492965698242187,0.0,9.498725086450577e-05
Test_200,0.21575312946323788,0.21802845764160156,0.4741876232764467,0.473756103515625
Test_201,0.6585985847398301,0.6518550415039063,0.0,6.489823013544083e-05
Test_202,0.2558571909255404,0.25526588439941406,0.4158164697623687,0.41062417602539064
Test_203,0.4180564072374102,0.4321642150878906,0.0,-2.062048763036728e-05
Test_204,0.19848632115348877,0.19571719360351564,0.5787014476647251,0.5741741943359375
Test_205,0.6085324666642641,0.5988680419921875,0.0,-0.00023635710775852202
Test_206,0.4817322429121116,0.478319091796875,0.0,9.593746811151505e-05
Test_207,0.6779184445179579,0.6714536743164062,0.0,0.000670594573020935
Test_208,0.2885480043260537,0.28722222900390626,0.4788968693514443,0.487954833984375
Test_209,0.2407256604757158,0.24249467468261718,0.3275550341347966,0.3346791076660156
Test_210,0.5702518920671251,0.5758932495117187,0.0,-3.19423689506948e-06
Test_211,0.2918782792782719,0.27588714599609376,0.3682946679132702,0.3798099365234375
Test_212,0.2924878746569226,0.2949728088378906,0.36844465904556234,0.3674822082519531
Test_213,0.5206286762421818,0.5106926879882813,0.0,8.328739553689957e-05
Test_214,0.20761449031443355,0.20607894897460938,0.3129141270928235,0.31360568237304687
Test_215,0.6219113914202288,0.6281895751953125,0.0,0.0003077523410320282
Test_216,0.3323848108556911,0.3356176452636719,0.27578444714164957,0.2777653503417969
Test_217,0.303283031808091,0.29971487426757815,0.34543430272752357,0.34866329956054687
Test_218,0.4666744374453663,0.47181927490234377,0.0,-4.595407098531723e-05
Test_219,0.7286705506588206,0.7292335815429688,0.0,-0.004886407852172852
Test_220,0.7046137380282893,0.7069034423828126,0.0,-6.698068231344224e-05
Test_221,0.25499242110869536,0.2576383056640625,0.4254809718207982,0.4199609375
Test_222,0.22344003398285192,0.2266068115234375,0.42705312209283885,0.4314457092285156
Test_223,0.2070484369165362,0.208427490234375,0.4237944193097038,0.43699658203125
Test_224,0.4858940490226995,0.48392227172851565,0.0,-2.4091027677059175e-05
Test_225,0.2979181946438897,0.3066350402832031,0.3934816722512033,0.3914537048339844
Test_226,0.7088366651796478,0.7076517944335937,0.0,0.00023178552091121673
Test_227,0.5748680492502047,0.5708444213867188,0.0,-0.00024128986895084382
Test_228,0.22824881350660706,0.22917475891113281,0.28180676731808946,0.282429443359375
Test_229,0.6854896267070733,0.678327392578125,0.0,5.340520292520523e-05
Test_230,0.3520289787878431,0.3518582458496094,0.36811271257089384,0.3664862670898438
Test_231,0.6917369170199744,0.6864788208007813,0.0,0.00014359478652477265
Test_232,0.19589594767194132,0.20259725952148439,0.32667626518989,0.3450314636230469
Test_233,0.21271793575019124,0.21673056030273438,0.2943695976197964,0.29548843383789064
Test_234,0.5543123585435458,0.5545363159179687,0.0,5.756530910730362e-05
Test_235,0.1759459321929371,0.18176394653320313,0.31947855777751,0.3238731079101563
Test_236,0.265585646360803,0.2653461303710937,0.41100204441786253,0.4100242309570313
Test_237,0.2699215225884548,0.2664034423828125,0.32246945008264183,0.3223709716796875
Test_238,0.5908098471817855,0.5825113525390625,0.0,-0.00031949880719184877
Test_239,0.6825928231157086,0.6863629150390625,0.0,-1.3215565122663974e-05
Test_240,0.739372633275054,0.7382523193359375,0.0,-3.8000963628292086e-05
Test_241,0.2101708264493469,0.20984133911132813,0.27531000233429564,0.27693792724609373
Test_242,0.30481945066394606,0.30281158447265627,0.5076986643603616,0.49043539428710936
Test_243,0.6650810158087206,0.6661995849609375,0.0,-7.937564700841904e-05
Test_244,0.5884549057918542,0.5856415405273437,0.0,0.00010904894024133682
Test_245,0.2778475768844433,0.2851981201171875,0.4020105639038622,0.400915283203125
Test_246,0.22548057072958488,0.2175257568359375,0.5563288446497772,0.5654502563476562
Test_247,0.5489106565027185,0.5470827026367188,0.0,-8.401177823543549e-06
Test_248,0.26590545775710667,0.2678139953613281,0.3234026573331185,0.33231051635742187
Test_249,0.29467485459660675,0.29979403686523437,0.2961393852425028,0.301820556640625
Test_250,0.2398798567016426,0.23885931396484375,0.36866526134095434,0.3649739990234375
Test_251,0.5132557510105963,0.5132129516601562,0.0,3.493664413690567e-05
Test_252,0.21904139065314135,0.2250690460205078,0.4686392371128341,0.45757699584960937
Test_253,0.60056602502082,0.6016530151367188,0.0,-3.0084632337093354e-05
Test_254,0.3331186147356876,0.31629229736328124,0.42207910206697713,0.435487060546875
Test_255,0.35589216806533824,0.3566981201171875,0.3183376665779275,0.32026080322265627
Test_256,0.29156266173082585,0.28915402221679687,0.44635156439974755,0.4455208129882812
Test_257,0.5861073096020123,0.5825230712890626,0.0,-0.0002477608472108841
Test_258,0.2997702783890839,0.3066047973632812,0.2851254057099649,0.289351318359375
Test_259,0.6108254658982623,0.6022640380859375,0.0,0.0010024574995040894
Test_260,0.5991372916959498,0.5968314819335937,0.0,-0.000292872816324234
Test_261,0.5125687826233251,0.5151964721679687,0.0,-5.525537580251694e-05
Test_262,0.5346871761648927,0.5397418212890625,0.0,0.00015955291688442232
Test_263,0.5503776835129777,0.5519903564453125,0.0,-0.00022328093647956847
Test_264,0.5813356332960343,0.5769496459960938,0.0,-7.515528053045273e-05
Test_265,0.531892272837361,0.5365501708984375,0.0,-2.5126658380031587e-05
Test_266,0.23436696725489164,0.23133848571777343,0.2981690719220365,0.30195697021484375
Test_267,0.27845123698298624,0.2721109313964844,0.3053293244081398,0.3170330810546875
Test_268,0.6731823985849451,0.675291748046875,0.0,-9.861614555120468e-05
Test_269,0.5513174793060647,0.55631494140625,0.0,0.0001167546883225441
Test_270,0.28738013895220926,0.29087252807617187,0.2959006825796124,0.2986912841796875
Test_271,0.6273422214740765,0.6205316772460937,0.0,-0.00017700941860675812
Test_272,0.198916159946622,0.20182504272460938,0.41449954941971884,0.4130785827636719
Test_273,0.2149059933935964,0.20965298461914061,0.5543824120079619,0.552625244140625
Test_274,0.26629212953641546,0.27006027221679685,0.36857344845318185,0.368917236328125
Test_275,0.295417111878688,0.29689956665039063,0.44293320083534404,0.43864328002929687
Test_276,0.6404703504542344,0.633669921875,0.0,-1.3837778009474277e-05
Test_277,0.5466995966564469,0.55758447265625,0.0,-5.79354390501976e-05
Test_278,0.6267413500755974,0.6151143798828125,0.0,5.9125997126102445e-05
Test_279,0.19420191475306905,0.2017470703125,0.3800575446938166,0.3841712646484375
Test_280,0.23676942047761687,0.23286033630371095,0.3037827811305733,0.308395751953125
Test_281,0.2430033753295265,0.25719900512695315,0.41678549072677884,0.41245361328125
Test_282,0.2793602126004393,0.2840937194824219,0.42889367731669925,0.4198825988769531
Test_283,0.24834607633610672,0.24430496215820313,0.3132433892153524,0.32231936645507814
Test_284,0.598531097941693,0.59618017578125,0.0,-7.548274844884872e-05
Test_285,0.6361898321508827,0.6336957397460937,0.0,0.0003890363276004791
Test_286,0.23293952890690334,0.22616488647460936,0.6024630643853502,0.5909946899414062
Test_287,0.35717378462092225,0.35488339233398436,0.368225551315447,0.3656047058105469
Test_288,0.2921254097413704,0.2968875732421875,0.2830139890962789,0.28188677978515625
Test_289,0.32338516563273045,0.33157830810546873,0.44798889706826167,0.43915277099609373
Test_290,0.3351064144947514,0.334443603515625,0.36509943081559987,0.36818325805664065
Test_291,0.7284489987539955,0.727569091796875,0.0,-4.213442653417587e-05
Test_292,0.5284667557156791,0.5330576171875,0.0,-0.00020560589432716368
Test_293,0.3009213044651096,0.2996966552734375,0.28235530649969404,0.28614627075195315
Test_294,0.5299250714968105,0.5295874633789063,0.0,0.0003180420696735382
Test_295,0.6059418285006426,0.6130072021484375,0.0,-4.929625894874334e-06
Test_296,0.6184449220017741,0.6140914306640625,0.0,1.0634874925017357e-05
Test_297,0.2308927942656464,0.24581697082519532,0.6169005177393331,0.6184439697265625
Test_298,0.5201380680155796,0.5199047241210938,0.0,7.346991449594498e-05
Test_299,0.3247163030495062,0.32590670776367187,0.36036307889390584,0.36003717041015626
Test_300,0.5898739102058841,0.58737353515625,0.0,0.00012813010811805724
Test_301,0.2706222612051643,0.2763002624511719,0.4035820758762566,0.41169564819335935
Test_302,0.5556032140456929,0.5520883178710938,0.0,-1.8096767365932466e-05
Test_303,0.3066691342344467,0.30216497802734377,0.3610825828622697,0.36823297119140624
Test_304,0.6344728669566381,0.628474365234375,0.0,-0.0003838888108730316
Test_305,0.2509143821788064,0.2537967071533203,0.39895988259529996,0.3952511291503906
Test_306,0.2659145392316584,0.2657597961425781,0.3607387982521475,0.36248236083984375
Test_307,0.21089719059870177,0.211478271484375,0.34984673543103034,0.3502431640625
Test_308,0.6433863522744525,0.6417974243164063,0.0,0.00015975092351436614
Test_309,0.2799947852674617,0.2801788330078125,0.41817179621821593,0.41964495849609373
Test_310,0.2263530225731521,0.22961085510253906,0.5360859612387083,0.5341864013671875
Test_311,0.20356211698899448,0.20547093200683594,0.4545312404889665,0.45691403198242186
Test_312,0.5078743350332257,0.5111929626464844,0.0,-0.0004625161588191986
Test_313,0.5087607011823014,0.5169255981445312,0.0,-4.610898345708847e-05
Test_314,0.20363293582841266,0.210360107421875,0.3013636475418606,0.3012989501953125
Test_315,0.6311770722253514,0.6177891845703125,0.0,0.00015964357554912567
Test_316,0.48511655252387187,0.4816248779296875,0.0,0.00021348856389522553
Test_317,0.25629253885432396,0.2672964782714844,0.409564991810481,0.41983181762695315
Test_318,0.28728594429372767,0.28717703247070314,0.39655245560826075,0.41777734375
Test_319,0.6241487310402332,0.6315387573242187,0.0,-6.947001069784164e-05
Validation_0,0.6363839959628116,0.6453007202148437,0.0,-0.0001259085088968277
Validation_1,0.24372846817192698,0.2515561981201172,0.31256967542306624,0.3162009582519531
Validation_2,0.23926958100235707,0.2465002899169922,0.5506327946550796,0.5581021728515625
Validation_3,0.26281179205403965,0.25735711669921874,0.3642878784164618,0.3648736267089844
Validation_4,0.24643348136651236,0.2627182312011719,0.3193996889923259,0.323167236328125
Validation_5,0.5182233773622771,0.5191004638671874,0.0,-6.61444291472435e-05
Validation_6,0.6520080940798427,0.6541380004882813,0.0,-4.5063041150569916e-05
Validation_7,0.30012226499273026,0.28936105346679686,0.39768230457032877,0.4055173034667969
Validation_8,0.22977416194015607,0.22986170959472657,0.39149861954291315,0.3882400817871094
Validation_9,0.3648636086956371,0.3602603759765625,0.36505957714985454,0.36887799072265626
Validation_10,0.18826899975794567,0.19133085632324218,0.2848893078160286,0.288747802734375
Validation_11,0.6434822807028768,0.6450155029296875,0.0,-0.0004301354587078094
Validation_12,0.2803121427908494,0.2812423400878906,0.4189561109823841,0.41724911499023437
Validation_13,0.22040023448731985,0.21871726989746093,0.28026850549709326,0.2815055847167969
Validation_14,0.1985505579462913,0.19936190795898437,0.570328986015546,0.5607844848632813
Validation_15,0.49151679340526466,0.49913720703125,0.0,-5.408369470387697e-06
Validation_16,0.6130407406436473,0.6112025146484374,0.0,0.00014993809163570403
Validation_17,0.5650061908226942,0.5610736694335937,0.0,-6.409242004156113e-05
Validation_18,0.2604711758651227,0.26078598022460936,0.3441271997672152,0.34419085693359375
Validation_19,0.30526705569732293,0.30771426391601564,0.4033895695928115,0.3962313842773437
Validation_20,0.4895484692161253,0.4972672424316406,0.0,-0.0002221158891916275
Validation_21,0.5176639575072246,0.51705126953125,0.0,0.00011779413372278213
Validation_22,0.28577750944580205,0.2847980651855469,0.4310276329412237,0.43349423217773436
Validation_23,0.2271375002061789,0.22746434020996092,0.30728465358448875,0.3089934387207031
Validation_24,0.2927624276395916,0.29303167724609375,0.40679559681146793,0.40580072021484376
Validation_25,0.6110961353554365,0.6185717163085938,0.0,0.00010425017029047012
Validation_26,0.5447175146783403,0.5491981811523438,0.0,0.00012511667609214783
Validation_27,0.5636168057684987,0.5654530029296875,0.0,-0.0004043930470943451
Validation_28,0.21828665386822865,0.2265399169921875,0.3018745275848182,0.30315078735351564
Validation_29,0.6664055606891619,0.6703712768554687,0.0,-0.0006712775230407715
Validation_30,0.2887087150889174,0.28393997192382814,0.4133861379245615,0.4198817138671875
Validation_31,0.3003186032480249,0.30039089965820315,0.4279538638776265,0.42965786743164064
Validation_32,0.7992754503777314,0.7777807006835937,0.0,0.00011182675510644913
Validation_33,0.6406366993025552,0.6410037231445312,0.0,7.073084264993668e-05
Validation_34,0.36789107161997303,0.36069134521484375,0.29943713415837075,0.2984105224609375
Validation_35,0.6157642115659607,0.6137235717773437,0.0,-0.00010450121015310288
Validation_36,0.22800613651999044,0.23460198974609375,0.2851849751518562,0.2889544982910156
Validation_37,0.35070346376887984,0.35162652587890625,0.360422287653316,0.35925067138671873
Validation_38,0.1926506631231523,0.20410008239746094,0.3761714036542859,0.38420639038085935
Validation_39,0.6182218996220129,0.6106793212890625,0.0,0.00012794151902198792
Validation_40,0.6125618516542536,0.6181680908203125,0.0,1.3237930834293366e-05
Validation_41,0.544799989955499,0.5475758056640625,0.0,-5.327310413122177e-05
Validation_42,0.6037236103022685,0.6049638671875,0.0,3.603128343820572e-05
Validation_43,0.3840164641161798,0.371483154296875,0.28939294117727615,0.30241424560546876
Validation_44,0.6150503982366021,0.617644775390625,0.0,8.372024446725845e-05
Validation_45,0.5681495743534555,0.5695399169921875,0.0,-0.00032274839282035825
Validation_46,0.29945050541050766,0.2963470764160156,0.40592085631490393,0.4097784423828125
Validation_47,0.2389501400553605,0.23896853637695312,0.39108952013115145,0.38933428955078125
Validation_48,0.3292015670282739,0.3238281555175781,0.489383335600373,0.4870496520996094
Validation_49,0.5452308965177454,0.5522151489257813,0.0,0.0034658198356628416
Validation_50,0.1833642204187487,0.18466693115234376,0.2916600274874445,0.2967616271972656
Validation_51,0.6966048027092568,0.7096122436523438,0.0,0.0014754040241241454
Validation_52,0.23223850096233326,0.23403880310058595,0.3339331234336914,0.3264687805175781
Validation_53,0.2075905233483216,0.21175875854492188,0.2950021229053195,0.3044512634277344
Validation_54,0.32884454023428833,0.3304873962402344,0.3133234945828814,0.3176949768066406
Validation_55,0.24055966906862328,0.24394908142089844,0.4356584352215839,0.42913461303710937
Validation_56,0.5356041573547972,0.5359893188476562,0.0,9.093639999628067e-05
Validation_57,0.47803005659046927,0.4798975219726562,0.0,-0.00020157523453235627
Validation_58,0.2581523359523309,0.25555699157714845,0.35747064252491606,0.355893310546875
Validation_59,0.5843697560391449,0.5812919921875,0.0,0.00012950989603996278
Validation_60,0.5402531678642901,0.53159716796875,0.0,-0.0005452137589454651
Validation_61,0.6398296489282493,0.6395194091796875,0.0,-0.00012710967659950256
Validation_62,0.8375416423554438,0.8122893676757813,0.0,0.008085862159729004
Validation_63,0.519854015776547,0.5206253662109375,0.0,0.00036441996693611147
Validation_64,0.23257858314038404,0.2318759307861328,0.3693686503058827,0.37013800048828127
Validation_65,0.5550836922414333,0.561337646484375,0.0,-0.0001279367506504059
Validation_66,0.3224502701292606,0.32258810424804685,0.399042923232931,0.3977738037109375
Validation_67,0.6538662435085157,0.6612774658203125,0.0,4.913858324289322e-05
Validation_68,0.597221288955914,0.5974274291992188,0.0,-3.3418916165828705e-05
Validation_69,0.1920912244171818,0.1945056915283203,0.37026126983005947,0.3687030334472656
Validation_70,0.5172893835830824,0.5232025756835937,0.0,-2.3273907601833345e-05
Validation_71,0.29802322314069857,0.300648193359375,0.36517243977497793,0.36276528930664065
Validation_72,0.5800627836094354,0.581459716796875,0.0,-3.376217931509018e-05
Validation_73,0.2635541464276198,0.2640998840332031,0.4593543371002577,0.45279348754882814
Validation_74,0.1683239638101807,0.17631187438964843,0.3598083871092705,0.37567715454101563
Validation_75,0.6360445923792901,0.6334725952148438,0.0,-0.0010851348638534547
Validation_76,0.7063243517865375,0.6990684204101563,0.0,-0.0008939931988716126
Validation_77,0.38113320906039705,0.36757232666015627,0.31061344594216195,0.31044931030273437
Validation_78,0.6189192672874914,0.6150757446289062,0.0,-0.0003660770356655121
Validation_79,0.6092833013447669,0.6071736450195313,0.0,8.798873052001e-06
