cluster,filename,file_type
0,4SF7D00109.h2k,.h2k
1,5K01D00187.h2k,.h2k
2,3D30D01916.h2k,.h2k
3,4F21D00543.h2k,.h2k
4,8536D00152.h2k,.h2k
5,7QAOD00049.h2k,.h2k
6,4SL4D01227.h2k,.h2k
7,1Q56D00060.h2k,.h2k
8,4S36D00009.h2k,.h2k
9,5163P00047.h2k,.h2k
10,1D02D00275.h2k,.h2k
11,3D60D00328.h2k,.h2k
12,3R47D20289.h2k,.h2k
13,4S70D00314.h2k,.h2k
14,5K06D00455.h2k,.h2k
15,1N01D00265.h2k,.h2k
16,4SR8D00362.h2k,.h2k
17,21GMD02780.h2k,.h2k
18,5P03D00225.h2k,.h2k
19,14J7D01184.h2k,.h2k
20,2348D00887.h2k,.h2k
21,7D17D00633.h2k,.h2k
22,3R42D25146.h2k,.h2k
23,223JD00241.h2k,.h2k
24,3R14D20493.h2k,.h2k
25,8319D00109.h2k,.h2k
26,7Q36D17406.h2k,.h2k
27,3D44D05053.h2k,.h2k
28,1580P00364.h2k,.h2k
29,2S97D02783.h2k,.h2k
30,9K20D00145.h2k,.h2k
31,1A2ED00034.h2k,.h2k
32,7Q75D23097.h2k,.h2k
33,2137D01139.h2k,.h2k
34,14P7D00090.h2k,.h2k
35,7Q74D20220.h2k,.h2k
36,7Q46D23417.h2k,.h2k
37,22X2D04367.h2k,.h2k
38,1561D00015.h2k,.h2k
39,227HD00115.h2k,.h2k
40,9L74D00116.h2k,.h2k
41,7Q51D19003.h2k,.h2k
42,3D14D03247.h2k,.h2k
43,2383D00037.h2k,.h2k
44,9F09P00289.h2k,.h2k
45,9W13D01136.h2k,.h2k
46,7Q54D23027.h2k,.h2k
47,34H9P00051.h2k,.h2k
48,22C9D00155.h2k,.h2k
49,2457D00562.h2k,.h2k
50,3109D00337.h2k,.h2k
51,1568D00251.h2k,.h2k
52,4C68D00757.h2k,.h2k
53,5E68D00360.h2k,.h2k
54,3Q65D28373.h2k,.h2k
55,3H67D00320.hse,.hse
56,2S5HD02430.h2k,.h2k
57,34C6D00081.h2k,.h2k
58,1A18D90073.h2k,.h2k
59,4G96D00027.h2k,.h2k
60,2103D00183.h2k,.h2k
61,4C68D00453.h2k,.h2k
62,2277D00487.h2k,.h2k
63,2151D00541.h2k,.h2k
64,1A16D00630.h2k,.h2k
65,4S04D02681.h2k,.h2k
66,4SK4D00184.h2k,.h2k
67,2112D00023.h2k,.h2k
68,22L4D01132.h2k,.h2k
69,22J4D00246.h2k,.h2k
70,4S07D01306.h2k,.h2k
71,22X1D05221.h2k,.h2k
72,3463D20085.h2k,.h2k
73,22L0D00124.h2k,.h2k
74,3R59D23073.h2k,.h2k
75,5E38D00110.h2k,.h2k
76,2277D00624.h2k,.h2k
77,14M3D00049.h2k,.h2k
78,2386D00283.h2k,.h2k
79,1227D00970.h2k,.h2k
80,2516D00264.h2k,.h2k
81,224FD00126.h2k,.h2k
82,5E11D00515.h2k,.h2k
83,9W29D00080.h2k,.h2k
84,1N13D00025.h2k,.h2k
85,3R52D93187.h2k,.h2k
86,7B10D00109.h2k,.h2k
87,3P01D14093.h2k,.h2k
88,9T36D01054.h2k,.h2k
89,7Q23D23167.h2k,.h2k
90,5E47D00267.h2k,.h2k
91,4SL4D02135.h2k,.h2k
92,14Z4D01330.h2k,.h2k
93,5D04D01522.h2k,.h2k
94,4G42D00694.h2k,.h2k
95,5EQ2D02954.h2k,.h2k
96,5EF9D00420.h2k,.h2k
97,2258D00126.h2k,.h2k
98,1329D00973.h2k,.h2k
99,2103D01058.h2k,.h2k
100,4S29D01048.h2k,.h2k
101,2S95D11561.h2k,.h2k
102,3J10D01148.h2k,.h2k
103,2S5ED00012.h2k,.h2k
104,4G16D20735.h2k,.h2k
105,2386D00140.h2k,.h2k
106,5525PI3129.h2k,.h2k
107,4SM7D00337.h2k,.h2k
108,1A27D01219.h2k,.h2k
109,7B08D02214.h2k,.h2k
110,5D05D02202.h2k,.h2k
111,9A11P00347.h2k,.h2k
112,223FD00095.h2k,.h2k
113,7QAMD00087.h2k,.h2k
114,3C6RD23219.h2k,.h2k
115,4C09D00076.h2k,.h2k
116,3Q06D16075.h2k,.h2k
117,1N40D00226.h2k,.h2k
118,4SN5D00590.h2k,.h2k
119,14M5D00023.h2k,.h2k
120,1314D00768.h2k,.h2k
121,1E23D00395.h2k,.h2k
122,9T25D00440.h2k,.h2k
123,4MC9D00157.h2k,.h2k
124,7926D00252.h2k,.h2k
125,3R07D25135.h2k,.h2k
126,9C08D50148.h2k,.h2k
127,9Y04D00196.h2k,.h2k
128,4G62D00489.h2k,.h2k
129,3712D00026.h2k,.h2k
130,7Q71D01724.h2k,.h2k
131,3R5UD25303.h2k,.h2k
132,1E48D00049.h2k,.h2k
133,2S98D00823.h2k,.h2k
134,3J04D01554.h2k,.h2k
135,7QBHD11295.h2k,.h2k
136,2529D00372.h2k,.h2k
137,4G66D00127.h2k,.h2k
138,2268D01214.h2k,.h2k
139,14H2D00305.h2k,.h2k
140,3R38D31082.h2k,.h2k
141,7Q23D23011.h2k,.h2k
142,2486D00268.h2k,.h2k
143,2S1MD10416.h2k,.h2k
144,5K06D01204.h2k,.h2k
145,9E97D00049.h2k,.h2k
146,1E40D00380.h2k,.h2k
147,5Q41D00517.h2k,.h2k
148,52B4P01737.h2k,.h2k
149,3C53D24126.h2k,.h2k
150,3R97D23266.h2k,.h2k
151,6C06D00002.h2k,.h2k
152,9W15D00300.h2k,.h2k
153,9H39D23030.h2k,.h2k
154,2S16D00224.h2k,.h2k
155,5Q45D00254.h2k,.h2k
156,2S29D01396.h2k,.h2k
157,14F4D01439.h2k,.h2k
158,7Q23D24142.h2k,.h2k
159,222ND01603.h2k,.h2k
160,1474D00799.h2k,.h2k
161,5H07D00026.h2k,.h2k
162,9Y22D00049.h2k,.h2k
163,3R5JD22074.h2k,.h2k
164,14Z4D00028.h2k,.h2k
165,4N04D00310.h2k,.h2k
166,5897P00878.h2k,.h2k
167,22B9D00120.h2k,.h2k
168,1488D00514.h2k,.h2k
169,3F05D00874.h2k,.h2k
170,4S66D00376.h2k,.h2k
171,18DMD00255.h2k,.h2k
172,3C1XD21305.h2k,.h2k
173,22X5D01060.h2k,.h2k
174,3C7AD17002.h2k,.h2k
175,9T33D00764.h2k,.h2k
176,4S47D02117.h2k,.h2k
177,7P11D00030.h2k,.h2k
178,3J04D01716.h2k,.h2k
179,4E26D02009.h2k,.h2k
180,3704D00369.h2k,.h2k
181,7QB7D00034.h2k,.h2k
182,1Q29D60129.h2k,.h2k
183,1105D01387.h2k,.h2k
184,4M02D00368.h2k,.h2k
185,2S95D02602.h2k,.h2k
186,223DD00353.h2k,.h2k
187,2469D00712.h2k,.h2k
188,1572D00058.h2k,.h2k
189,3R50D31034.h2k,.h2k
190,7Q01D10123.h2k,.h2k
191,3C8AD23091.h2k,.h2k
192,3R57D20390.h2k,.h2k
193,3R2GD23275.h2k,.h2k
194,4K03D00431.h2k,.h2k
195,221KD00286.h2k,.h2k
196,3R54D31211.h2k,.h2k
197,22DSD00595.h2k,.h2k
198,7Q69D23574.h2k,.h2k
199,14P7D00342.h2k,.h2k
200,2S1TD11245.h2k,.h2k
201,22GWD00247.h2k,.h2k
202,5954D00119.h2k,.h2k
203,5EF9D04439.h2k,.h2k
204,4SU6D00299.h2k,.h2k
205,5E67D00355.h2k,.h2k
206,7Q61D21115.h2k,.h2k
207,2V70D90862.h2k,.h2k
208,5E91D00029.h2k,.h2k
209,222TD00526.h2k,.h2k
210,3R1GD23067.h2k,.h2k
211,1E30D00332.h2k,.h2k
212,9R03D00092.h2k,.h2k
213,5K06D01098.h2k,.h2k
214,5D32D00502.h2k,.h2k
215,4X96D00812.h2k,.h2k
216,5E42D00298.h2k,.h2k
217,3R14D31493.h2k,.h2k
218,4E06D00152.h2k,.h2k
219,9T66D00124.h2k,.h2k
220,4X94D02225.h2k,.h2k
221,7M59D00079.h2k,.h2k
222,2352D00714.h2k,.h2k
223,3R44D23485.h2k,.h2k
224,3R96D31145.h2k,.h2k
225,4GG3D00687.h2k,.h2k
226,2S4XD00935.h2k,.h2k
227,1133D02237.h2k,.h2k
228,4GB7D00006.h2k,.h2k
229,1Q01D00181.h2k,.h2k
230,3R1ED25016.h2k,.h2k
231,4M60D00658.h2k,.h2k
232,5D05D90025.h2k,.h2k
233,9X03D30450.h2k,.h2k
234,3R54D92402.h2k,.h2k
235,4SE5D00238.h2k,.h2k
236,221UD00096.h2k,.h2k
237,2457D00053.h2k,.h2k
238,1E10D00662.h2k,.h2k
239,1A36D00032.h2k,.h2k
240,4C1LD60056.h2k,.h2k
241,1133D03135.h2k,.h2k
242,3450D30048.h2k,.h2k
243,5E18D00266.h2k,.h2k
244,4MA1D00418.h2k,.h2k
245,4MJ7D00312.h2k,.h2k
246,1E46D00350.h2k,.h2k
247,4K11D00505.h2k,.h2k
248,4G96D00061.h2k,.h2k
249,24C6D00015.h2k,.h2k
250,22Y5D50485.h2k,.h2k
251,5506PF9408.h2k,.h2k
252,22KRD00042.h2k,.h2k
253,7960D00207.h2k,.h2k
254,3H37D01910.hse,.hse
255,4M87D00147.h2k,.h2k
256,3R14D20427.h2k,.h2k
257,3Q24D17366.h2k,.h2k
258,3D17D01356.h2k,.h2k
259,2110D00449.h2k,.h2k
260,4SB2D00336.h2k,.h2k
261,2465D00077.h2k,.h2k
262,7B12D00664.h2k,.h2k
263,7Q28D03575.h2k,.h2k
264,3R31D23434.h2k,.h2k
265,5834D00207.h2k,.h2k
266,4S59D01023.h2k,.h2k
267,14D2D00397.h2k,.h2k
268,9C51D01031.h2k,.h2k
269,4GF1D00197.h2k,.h2k
270,3Q31D28239.h2k,.h2k
271,1198D00380.h2k,.h2k
272,5218P07329.h2k,.h2k
273,4M32D00263.h2k,.h2k
274,3C2ND20439.h2k,.h2k
275,3R2VD34300.h2k,.h2k
276,6A03D00265.h2k,.h2k
277,2S7DD00061.h2k,.h2k
278,2S6MD01573.h2k,.h2k
279,3456D30030.h2k,.h2k
280,4S56D00725.h2k,.h2k
281,5901D00587.h2k,.h2k
282,1XA6D00070.h2k,.h2k
283,1519D02349.h2k,.h2k
284,14Q5D00215.h2k,.h2k
285,3109D01655.h2k,.h2k
286,3436D30044.h2k,.h2k
287,8519D00008.h2k,.h2k
288,5E10D00686.h2k,.h2k
289,1D01D21050.h2k,.h2k
290,4G62D00477.h2k,.h2k
291,1A23D80948.h2k,.h2k
292,3R08D34268.h2k,.h2k
293,7Q11D18114.h2k,.h2k
294,2S95D10950.h2k,.h2k
295,3J15D00286.h2k,.h2k
296,9Z08D00302.h2k,.h2k
297,2S51D00848.h2k,.h2k
298,4S07D00951.h2k,.h2k
299,4SF8D00195.h2k,.h2k
300,4S59D00486.h2k,.h2k
301,4S22D00270.h2k,.h2k
302,2759D02107.h2k,.h2k
303,229VD00173.h2k,.h2k
304,3H42D00528.h2k,.h2k
305,22R2D50095.h2k,.h2k
306,38ZCD01038.h2k,.h2k
307,1542D01170.h2k,.h2k
308,2S29D02794.h2k,.h2k
309,4E26D02390.h2k,.h2k
310,4M41D03223.h2k,.h2k
311,3R14D31168.h2k,.h2k
312,4M32D00021.h2k,.h2k
313,3R16D25022.h2k,.h2k
314,3CA6D25145.h2k,.h2k
315,22L9D01279.h2k,.h2k
316,2724D03102.h2k,.h2k
317,4G12D00391.h2k,.h2k
318,3R1CD22251.h2k,.h2k
319,4SO9D00641.h2k,.h2k
320,21DMD00998.h2k,.h2k
321,14F4D00198.h2k,.h2k
322,7Q46D23139.h2k,.h2k
323,5218P08093.h2k,.h2k
324,4S59D00572.h2k,.h2k
325,9Z08D00101.h2k,.h2k
326,9L57D00388.h2k,.h2k
327,1219P00279.h2k,.h2k
328,1E42D01946.h2k,.h2k
329,226LD01780.h2k,.h2k
330,2S68D90897.h2k,.h2k
331,3R48D19187.h2k,.h2k
332,5D10D01126.h2k,.h2k
333,4MA1D00025.h2k,.h2k
334,3R44D34150.h2k,.h2k
335,2220D02143.h2k,.h2k
336,3C99D17082.h2k,.h2k
337,5948D00093.h2k,.h2k
338,4S95D00574.h2k,.h2k
339,5C05D00172.h2k,.h2k
340,6A01D00519.h2k,.h2k
341,7QABD00687.h2k,.h2k
342,2S1SD00613.h2k,.h2k
343,7V06D00050.h2k,.h2k
344,3R97D22380.h2k,.h2k
345,1N08D00442.h2k,.h2k
346,4N01D00743.h2k,.h2k
347,7B16D00093.h2k,.h2k
348,4H02D00040.h2k,.h2k
349,5D05D00133.h2k,.h2k
350,4MB5D00328.h2k,.h2k
351,9W18D00099.h2k,.h2k
352,222BD00764.h2k,.h2k
353,4M13D00055.h2k,.h2k
354,4SO9D00703.h2k,.h2k
355,1557D01370.h2k,.h2k
356,22Y6D60491.h2k,.h2k
357,4E37D00092.h2k,.h2k
358,5EH1D01249.h2k,.h2k
359,9L47D00288.h2k,.h2k
360,7G36D00097.h2k,.h2k
361,3C6XD21133.h2k,.h2k
362,1547D01053.h2k,.h2k
363,9C12D00315.h2k,.h2k
364,4M78D00458.h2k,.h2k
365,3470D00052.h2k,.h2k
366,2S7KD00031.h2k,.h2k
367,4C07D00290.h2k,.h2k
368,5EQ2D02807.h2k,.h2k
369,3R06D20071.h2k,.h2k
370,2465D00095.h2k,.h2k
371,1452D03248.h2k,.h2k
372,2458D01044.h2k,.h2k
373,21GMD00481.h2k,.h2k
374,3D44D03182.h2k,.h2k
375,3C5HD24384.h2k,.h2k
376,3R99D31002.h2k,.h2k
377,4SU1D00317.h2k,.h2k
378,3R33D22321.h2k,.h2k
379,5876D00160.h2k,.h2k
380,4S21D02964.h2k,.h2k
381,1573D00307.h2k,.h2k
382,5861D00802.h2k,.h2k
383,2726D02032.h2k,.h2k
384,4K14D00588.h2k,.h2k
385,9F09P01668.h2k,.h2k
386,3C2ND21150.h2k,.h2k
387,7Q23D15201.h2k,.h2k
388,1N29D00876.h2k,.h2k
389,3D35D00103.h2k,.h2k
390,22W5D01260.h2k,.h2k
391,4K11D00399.h2k,.h2k
392,4M67D03505.h2k,.h2k
393,3C28D10040.h2k,.h2k
394,1E42D02124.h2k,.h2k
395,4S06D01481.h2k,.h2k
396,1A2KD00215.h2k,.h2k
397,4GD2D00056.h2k,.h2k
398,4S15D00292.h2k,.h2k
399,4K26D00065.h2k,.h2k
400,2S16D00918.h2k,.h2k
401,3C88D15511.h2k,.h2k
402,14D2D00433.h2k,.h2k
403,2157D00007.h2k,.h2k
404,7Q23D23229.h2k,.h2k
405,7Q16D14287.h2k,.h2k
406,4SA5D00827.h2k,.h2k
407,1Q49D00256.h2k,.h2k
408,9J52D00004.h2k,.h2k
409,2529D00387.h2k,.h2k
410,2S7HD01153.h2k,.h2k
411,5E88D00064.h2k,.h2k
412,3C93D19037.h2k,.h2k
413,229AD00023.h2k,.h2k
414,3R13D19083.hse,.hse
415,3H01D00219.h2k,.h2k
416,3428D00396.h2k,.h2k
417,1179D00966.h2k,.h2k
418,22J7D00043.h2k,.h2k
419,14F9D00144.h2k,.h2k
420,7Q08D00180.h2k,.h2k
421,4MM8D00068.h2k,.h2k
422,4S86D00401.h2k,.h2k
423,3R1VD22202.h2k,.h2k
424,9506D00167.h2k,.h2k
425,3J08D02818.hse,.hse
426,4B38D18056.h2k,.h2k
427,7M45D00096.h2k,.h2k
428,7Q54D18423.h2k,.h2k
429,22GWD00550.h2k,.h2k
430,9W28D00162.h2k,.h2k
431,3R5VD23435.h2k,.h2k
432,2S36D00465.h2k,.h2k
433,22B4D00922.h2k,.h2k
434,1N29D00493.h2k,.h2k
435,1566D07126.h2k,.h2k
436,4G76D00569.h2k,.h2k
437,3C21D09001.h2k,.h2k
438,7G14D00004.h2k,.h2k
439,52A6P01608.h2k,.h2k
440,5E51D00313.h2k,.h2k
441,9W09D00942.h2k,.h2k
442,4SO3D01079.h2k,.h2k
443,4S22D03569.h2k,.h2k
444,2S51D00104.h2k,.h2k
445,3473D20225.h2k,.h2k
446,5EM9D00339.h2k,.h2k
447,2154D00396.h2k,.h2k
448,3105D00229.h2k,.h2k
449,3J18D17029.h2k,.h2k
450,4G83D00322.h2k,.h2k
451,3D45D00168.h2k,.h2k
452,2S10D00200.h2k,.h2k
453,4S58D00731.h2k,.h2k
454,1E01D00163.h2k,.h2k
455,5E07D00642.h2k,.h2k
456,4032D00362.h2k,.h2k
457,3452D60293.h2k,.h2k
458,9TF1D00650.h2k,.h2k
459,4U02D00380.h2k,.h2k
460,5E87D00159.h2k,.h2k
461,4S07D01069.h2k,.h2k
462,7Q28D00917.h2k,.h2k
463,3450D00078.h2k,.h2k
464,3R41D20162.h2k,.h2k
465,3Q24D16596.h2k,.h2k
466,4M99D00122.h2k,.h2k
467,3R52D23507.h2k,.h2k
468,3H38D00569.h2k,.h2k
469,2S2TD80848.h2k,.h2k
470,2S53D03687.h2k,.h2k
471,2141D00047.h2k,.h2k
472,7QARD00734.h2k,.h2k
473,3R4PD25173.h2k,.h2k
474,2S9MD00164.h2k,.h2k
475,5163P00195.h2k,.h2k
476,1E22D01710.h2k,.h2k
477,4M60D00738.h2k,.h2k
478,4E90D00036.h2k,.h2k
479,8520D00915.h2k,.h2k
480,14F6D00583.h2k,.h2k
481,1X56D23067.h2k,.h2k
482,7QAWD00264.h2k,.h2k
483,5218P07238.h2k,.h2k
484,4K13D00928.h2k,.h2k
485,3C90D19440.h2k,.h2k
486,1507D01190.h2k,.h2k
487,7Q41D18498.h2k,.h2k
488,3D53D05394.h2k,.h2k
489,4GF3D00627.h2k,.h2k
490,4SN6D00274.h2k,.h2k
491,2S95D00223.h2k,.h2k
492,7QA8D00042.h2k,.h2k
493,4M56D00345.h2k,.h2k
494,4X68D00376.h2k,.h2k
495,9W14D01386.h2k,.h2k
496,2128D00041.h2k,.h2k
497,1N40D00357.h2k,.h2k
498,1A24D00167.h2k,.h2k
499,22Y9D00095.h2k,.h2k
500,7Q85D23003.h2k,.h2k
501,4X13D00005.h2k,.h2k
502,4M54D00154.h2k,.h2k
503,2435D02577.h2k,.h2k
504,222UD00487.h2k,.h2k
505,22L0D01370.h2k,.h2k
506,3CA5D23030.h2k,.h2k
507,34N5D00017.h2k,.h2k
508,5K06D03017.h2k,.h2k
509,3R62D20410.h2k,.h2k
510,4W02D00247.h2k,.h2k
511,7Q61D19232.h2k,.h2k
512,3C7YD23071.h2k,.h2k
513,4SD8D00030.h2k,.h2k
514,1E09D00423.h2k,.h2k
515,14M7D00463.h2k,.h2k
516,1A32D02339.h2k,.h2k
517,2S8PD00096.h2k,.h2k
518,7D17D00514.h2k,.h2k
519,7QBBD23122.h2k,.h2k
520,8512D00685.h2k,.h2k
521,4S93D00272.h2k,.h2k
522,3R42D22428.h2k,.h2k
523,223UD00083.h2k,.h2k
524,3712D00163.h2k,.h2k
525,2160D00482.h2k,.h2k
526,4M93D03134.h2k,.h2k
527,22AAD00611.h2k,.h2k
528,1E22D00228.h2k,.h2k
529,3R52D19179.h2k,.h2k
530,1507D05038.h2k,.h2k
531,22P7D01538.h2k,.h2k
532,7QABD00626.h2k,.h2k
533,9X01D10049.h2k,.h2k
534,11H1D00272.h2k,.h2k
535,4M98D00081.h2k,.h2k
536,7M59D00025.h2k,.h2k
537,9T36D01035.h2k,.h2k
538,7B07D00116.h2k,.h2k
539,5814D00608.h2k,.h2k
540,9V14D00103.h2k,.h2k
541,5C05D00134.h2k,.h2k
542,7Q23D18008.h2k,.h2k
543,7QAGD23130.h2k,.h2k
544,4K13D00738.h2k,.h2k
545,5514PI4232.h2k,.h2k
546,3C53D11152.h2k,.h2k
547,3R1XD34288.h2k,.h2k
548,1331D00556.h2k,.h2k
549,7QAAD90930.h2k,.h2k
550,5EJ1D00699.h2k,.h2k
551,7Q54D24075.h2k,.h2k
552,5K02D00453.h2k,.h2k
553,5E11D01618.h2k,.h2k
554,7Q20D16491.h2k,.h2k
555,4J05D00425.h2k,.h2k
556,3452D20494.h2k,.h2k
557,9T31D00760.h2k,.h2k
558,4S39D01857.h2k,.h2k
559,4SM4D00626.h2k,.h2k
560,4Z09D00023.h2k,.h2k
561,3C4TD22104.h2k,.h2k
562,3J20D00906.hse,.hse
563,5P03D00201.h2k,.h2k
564,22RCD00458.h2k,.h2k
565,4GD7D00589.h2k,.h2k
566,3C5HD23401.h2k,.h2k
567,1X10D22978.h2k,.h2k
568,14K3D00764.h2k,.h2k
569,22M7D00094.h2k,.h2k
570,4GE5D00907.h2k,.h2k
571,3R5AD22465.h2k,.h2k
572,5EJ2D01072.h2k,.h2k
573,5EF9D03638.h2k,.h2k
574,4010D00366.h2k,.h2k
575,5ER1D00495.h2k,.h2k
576,9W28D00839.h2k,.h2k
577,2385D00379.h2k,.h2k
578,1548P00068.h2k,.h2k
579,4SK1D00306.h2k,.h2k
580,8528D00270.h2k,.h2k
581,1Q38D00040.h2k,.h2k
582,22F8D71045.h2k,.h2k
583,22AVD00300.h2k,.h2k
584,8528D00179.h2k,.h2k
585,4E27D00245.h2k,.h2k
586,9416P00308.h2k,.h2k
587,4MH5D00124.h2k,.h2k
588,9TG6D00124.h2k,.h2k
589,2236D00313.h2k,.h2k
590,7QB5D00412.h2k,.h2k
591,2S1LD12788.h2k,.h2k
592,5ED7D00837.h2k,.h2k
593,7Q36D17382.h2k,.h2k
594,4S36D00512.h2k,.h2k
595,5189P00962.h2k,.h2k
596,4M60D00308.h2k,.h2k
597,2Z01D01457.h2k,.h2k
598,7G01D00114.h2k,.h2k
599,9T54D00069.h2k,.h2k
600,7Q36D17887.h2k,.h2k
601,4G66D00258.h2k,.h2k
602,3472D20278.h2k,.h2k
603,22S4D00548.h2k,.h2k
604,5218P10199.h2k,.h2k
605,5EM1D00215.h2k,.h2k
606,5EB2D00526.h2k,.h2k
607,7C03D00025.h2k,.h2k
608,3D40D00262.h2k,.h2k
609,9D05D50162.h2k,.h2k
610,4G08D00450.h2k,.h2k
611,4B55D22314.h2k,.h2k
612,1A1HD00029.h2k,.h2k
613,4CC1D00146.h2k,.h2k
614,9T67D00923.h2k,.h2k
615,7Q11D17283.h2k,.h2k
616,6618D52487.h2k,.h2k
617,9T60D00547.h2k,.h2k
618,4N06D00230.h2k,.h2k
619,2435D03373.h2k,.h2k
620,3M17D18236.h2k,.h2k
621,2531D00025.h2k,.h2k
622,18RLD00078.h2k,.h2k
623,3H02D01518.h2k,.h2k
624,3C3CD19333.h2k,.h2k
625,5EJ2D01032.h2k,.h2k
626,34H4D00118.h2k,.h2k
627,24D9D00395.h2k,.h2k
628,2383D00386.h2k,.h2k
629,4SU1D00031.h2k,.h2k
630,2S1PD71505.h2k,.h2k
631,5EF9D02202.h2k,.h2k
632,1105D01455.h2k,.h2k
633,2S8SD00187.h2k,.h2k
634,4G25D00633.h2k,.h2k
635,3D66D03077.h2k,.h2k
636,4K06D00502.h2k,.h2k
637,7M60D00260.h2k,.h2k
638,14M7D00304.h2k,.h2k
639,1A31D00502.h2k,.h2k
640,9T31D00941.h2k,.h2k
641,22AAD01539.h2k,.h2k
642,7Q74D21348.h2k,.h2k
643,5183P00511.h2k,.h2k
644,4M93D00236.h2k,.h2k
645,4K15D00343.h2k,.h2k
646,7G01D00217.h2k,.h2k
647,2141D00026.h2k,.h2k
648,7648P05593.h2k,.h2k
649,4MA1D00952.h2k,.h2k
650,2119D00252.h2k,.h2k
651,5EM9D00322.h2k,.h2k
652,3M09D18416.h2k,.h2k
653,3R2QD25441.h2k,.h2k
654,5E16D00237.h2k,.h2k
655,3CA5D25689.h2k,.h2k
656,229WD00587.h2k,.h2k
657,9F45P00520.h2k,.h2k
658,9T25D01643.h2k,.h2k
659,3R79D23168.h2k,.h2k
660,2V93D50021.h2k,.h2k
661,2S08D00052.h2k,.h2k
662,5511PE7773.h2k,.h2k
663,5K06D00618.h2k,.h2k
664,3C3XD22029.h2k,.h2k
665,4X85D00120.h2k,.h2k
666,22H4D00034.h2k,.h2k
667,3C5QD25101.h2k,.h2k
668,2160D00493.h2k,.h2k
669,2478D00682.h2k,.h2k
670,4G38D00070.h2k,.h2k
671,1Q13D80087.h2k,.h2k
672,7B10D00602.h2k,.h2k
673,222CD00118.h2k,.h2k
674,220ZD00129.h2k,.h2k
675,3C7BD19346.h2k,.h2k
676,4015D00011.h2k,.h2k
677,224DD00291.h2k,.h2k
678,5F55D00041.h2k,.h2k
679,1N36D00325.h2k,.h2k
680,4S49D00245.h2k,.h2k
681,3450D30024.h2k,.h2k
682,24C9D00839.h2k,.h2k
683,5EF7D00180.h2k,.h2k
684,3444D00109.h2k,.h2k
685,9508D00050.h2k,.h2k
686,9F11P01693.h2k,.h2k
687,4022D00219.h2k,.h2k
688,3C7MD22279.h2k,.h2k
689,3R80D22004.h2k,.h2k
690,3CA6D25010.h2k,.h2k
691,2462D00404.h2k,.h2k
692,5EF9D03057.h2k,.h2k
693,2M06D00012.h2k,.h2k
694,5925D00051.h2k,.h2k
695,5K09D01256.h2k,.h2k
696,5519PD0752.h2k,.h2k
697,9H13D00052.h2k,.h2k
698,4B64D23258.h2k,.h2k
699,4U01D00212.h2k,.h2k
700,3R18D19030.h2k,.h2k
701,7Q16D14998.h2k,.h2k
702,3R74D23323.h2k,.h2k
703,3R53D31326.h2k,.h2k
704,5E82D00061.h2k,.h2k
705,7QA7D00251.h2k,.h2k
706,2S95D02659.h2k,.h2k
707,22J6D00470.h2k,.h2k
708,581HP00953.h2k,.h2k
709,581HP00407.h2k,.h2k
710,9T54D00212.h2k,.h2k
711,3R1XD24003.h2k,.h2k
712,2530D00029.h2k,.h2k
713,5E11D00773.h2k,.h2k
714,4GB7D00353.h2k,.h2k
715,1N39P00018.h2k,.h2k
716,22KSD03415.h2k,.h2k
717,9E43D00137.h2k,.h2k
718,22L4D01645.h2k,.h2k
719,4M75D00464.h2k,.h2k
720,3R2GD24144.h2k,.h2k
721,2S8ED00194.h2k,.h2k
722,2S1TD02607.h2k,.h2k
723,3C6WD21167.h2k,.h2k
724,55B8PJ0558.h2k,.h2k
725,22M3D00193.h2k,.h2k
726,7QBQD00059.h2k,.h2k
727,5EQ2D00615.h2k,.h2k
728,4S26D01193.h2k,.h2k
729,4G67D00596.h2k,.h2k
730,581HP00105.h2k,.h2k
731,7Q67D23061.h2k,.h2k
732,2457D01022.h2k,.h2k
733,5506PH4925.h2k,.h2k
734,2S6QD00916.h2k,.h2k
735,1151D00577.h2k,.h2k
736,4K15D00454.h2k,.h2k
737,4M54D03465.h2k,.h2k
738,7Q36D21022.h2k,.h2k
739,3C8AD24238.h2k,.h2k
740,9F09P00907.h2k,.h2k
741,4G48D00940.h2k,.h2k
742,2268D01696.h2k,.h2k
743,2S1LD00538.h2k,.h2k
744,1E06D00278.h2k,.h2k
745,229AD01027.h2k,.h2k
746,5K09D00814.h2k,.h2k
747,3R50D20025.h2k,.h2k
748,5EE1D00079.h2k,.h2k
749,11Y2D00366.h2k,.h2k
750,4SL6D00023.h2k,.h2k
751,2287D01690.h2k,.h2k
752,2S1MD80674.h2k,.h2k
753,3R02DD3025.h2k,.h2k
754,2S29D02795.h2k,.h2k
755,2726D06034.h2k,.h2k
756,7U36D00429.h2k,.h2k
757,4K06D00717.h2k,.h2k
758,7Q28D18622.h2k,.h2k
759,1175D01344.h2k,.h2k
760,2740D02370.h2k,.h2k
761,9402P00803.h2k,.h2k
762,3CA6D25192.h2k,.h2k
763,2S1LD00131.h2k,.h2k
764,4MM2D00053.h2k,.h2k
765,11N2D00022.h2k,.h2k
766,7U01P00187.h2k,.h2k
767,14H4D00477.h2k,.h2k
768,9W16D01194.h2k,.h2k
769,4K11D00373.h2k,.h2k
770,8534D00055.h2k,.h2k
771,3R52D22548.h2k,.h2k
772,22F8D00586.h2k,.h2k
773,5E51D00479.h2k,.h2k
774,7QAAD90864.h2k,.h2k
775,1A75D00907.h2k,.h2k
776,3R08D93183.h2k,.h2k
777,22D1D00939.h2k,.h2k
778,1E33D01421.h2k,.h2k
779,3452D30073.h2k,.h2k
780,5Q47D00136.h2k,.h2k
781,9T12D00224.h2k,.h2k
782,227LD00273.h2k,.h2k
783,7QB4D00223.h2k,.h2k
784,14Q5D00041.h2k,.h2k
785,3C2TD25065.h2k,.h2k
786,3J10D00870.h2k,.h2k
787,2S7BD00350.h2k,.h2k
788,3R19D23589.h2k,.h2k
789,1175D01018.h2k,.h2k
790,4K05D00313.h2k,.h2k
791,227NP00097.h2k,.h2k
792,1524D00169.h2k,.h2k
793,4MA7D00621.h2k,.h2k
794,4F05D00496.h2k,.h2k
795,2S84D01876.h2k,.h2k
796,7QB5D00410.h2k,.h2k
797,4MA1D01353.h2k,.h2k
798,3C9DD17165.h2k,.h2k
799,7G19D00187.h2k,.h2k
800,4S35D01933.h2k,.h2k
801,3C3LD21340.h2k,.h2k
802,2S6QD00737.h2k,.h2k
803,34C6D00669.h2k,.h2k
804,3C99D19291.h2k,.h2k
805,4SS2D00297.h2k,.h2k
806,5E68D00951.h2k,.h2k
807,4CA8D00290.h2k,.h2k
808,5Q30D00702.h2k,.h2k
809,2S7LD10044.h2k,.h2k
810,14F6D00668.h2k,.h2k
811,22U8D00242.h2k,.h2k
812,2K01D00554.h2k,.h2k
813,2S1LD90116.h2k,.h2k
814,4SN4D00682.h2k,.h2k
815,5569PI9419.h2k,.h2k
816,2K03D00014.h2k,.h2k
817,2S95D00277.h2k,.h2k
818,4S86D01004.h2k,.h2k
819,7Q11D16100.h2k,.h2k
820,22JYD00284.h2k,.h2k
821,1E35D01505.h2k,.h2k
822,7Q28D18161.h2k,.h2k
823,4SM4D00962.h2k,.h2k
824,5K06D00537.h2k,.h2k
825,3111D03707.h2k,.h2k
826,4S34D00013.h2k,.h2k
827,3R1YD23237.h2k,.h2k
828,4B55D20230.h2k,.h2k
829,3452D60216.h2k,.h2k
830,4MF5D00035.h2k,.h2k
831,4S36D01492.h2k,.h2k
832,22JPD00242.h2k,.h2k
833,3R63D23423.h2k,.h2k
834,3R19D41013.h2k,.h2k
835,4B60D16033.h2k,.h2k
836,5D35D00194.h2k,.h2k
837,2S86D00559.h2k,.h2k
838,1N03D50013.h2k,.h2k
839,22JSD00177.h2k,.h2k
840,2S1MD00350.h2k,.h2k
841,52A3P00155.h2k,.h2k
842,4S09D00023.h2k,.h2k
843,3R1HD22131.h2k,.h2k
844,34J5D00164.h2k,.h2k
845,2765D02028.h2k,.h2k
846,22VSD00118.h2k,.h2k
847,5279P01774.h2k,.h2k
848,2455D00448.h2k,.h2k
849,4M30D00169.h2k,.h2k
850,1A3LD00217.h2k,.h2k
851,4SR8D00404.h2k,.h2k
852,22B2D00620.h2k,.h2k
853,4SM7D01303.h2k,.h2k
854,4S42D00303.h2k,.h2k
855,9T48D00157.h2k,.h2k
856,11Y9D00121.h2k,.h2k
857,1329D00341.h2k,.h2k
858,3C85D16101.h2k,.h2k
859,3711D00206.h2k,.h2k
860,4M41D04020.h2k,.h2k
861,14E7D00270.h2k,.h2k
862,3117D00305.h2k,.h2k
863,4C02D00058.h2k,.h2k
864,2207D01022.h2k,.h2k
865,22W3D01090.h2k,.h2k
866,9W05D01058.h2k,.h2k
867,7U57D00142.h2k,.h2k
868,4S02D00356.h2k,.h2k
869,228FD00743.h2k,.h2k
870,3R5AD22238.h2k,.h2k
871,3H37D00558.h2k,.h2k
872,5E03D00315.h2k,.h2k
873,4B35D10132.h2k,.h2k
874,3C4TD25186.h2k,.h2k
875,7Q29D00669.h2k,.h2k
876,4F20D00358.h2k,.h2k
877,4SV7D00036.h2k,.h2k
878,4G67D00040.h2k,.h2k
879,38NCD00412.h2k,.h2k
880,229WD00640.h2k,.h2k
881,9J40D00052.h2k,.h2k
882,34C4D00007.h2k,.h2k
883,581TD00002.h2k,.h2k
884,9W13D01223.h2k,.h2k
885,22S2D00739.h2k,.h2k
886,2S84D01525.h2k,.h2k
887,4SL7D00479.h2k,.h2k
888,4S22D04365.h2k,.h2k
889,5588PF1009.h2k,.h2k
890,7Q24D18613.h2k,.h2k
891,2S1TD02376.h2k,.h2k
892,2478DL0019.h2k,.h2k
893,3R74D23322.h2k,.h2k
894,1T06P00143.h2k,.h2k
895,3C71D16264.h2k,.h2k
896,1E37D00789.h2k,.h2k
897,5H02D00222.h2k,.h2k
898,3111D02285.h2k,.h2k
899,3109D01582.h2k,.h2k
900,3H39D00801.h2k,.h2k
901,3R38D23910.h2k,.h2k
902,4K15D00726.h2k,.h2k
903,7Q11D00504.h2k,.h2k
904,7Q11D18062.h2k,.h2k
905,24E1D00123.h2k,.h2k
906,2S84D01749.h2k,.h2k
907,4G07D00215.h2k,.h2k
908,225ND00044.h2k,.h2k
909,3C94D15160.h2k,.h2k
910,9V10D00321.h2k,.h2k
911,3D16D03680.h2k,.h2k
912,2Z24D00337.h2k,.h2k
913,3J04D02321.h2k,.h2k
914,9T10D00259.h2k,.h2k
915,9J01D00645.h2k,.h2k
916,4J07D00505.h2k,.h2k
917,1D02D00680.h2k,.h2k
918,22T3D00043.h2k,.h2k
919,22IRD00108.h2k,.h2k
920,4S14D00594.h2k,.h2k
921,8524D00003.h2k,.h2k
922,4SF1D00088.h2k,.h2k
923,7Q56D19113.h2k,.h2k
924,4G08D50757.h2k,.h2k
925,7QB5D00319.h2k,.h2k
926,7G05D00001.h2k,.h2k
927,34E6D00260.h2k,.h2k
928,4SS2D00224.h2k,.h2k
929,5K07D01154.h2k,.h2k
930,3Q04D15482.h2k,.h2k
931,5E83D01536.h2k,.h2k
932,2S1GD00319.h2k,.h2k
933,6793D00135.h2k,.h2k
934,22M6D00310.h2k,.h2k
935,4H01D00644.h2k,.h2k
936,1E42D00250.h2k,.h2k
937,2271D00871.h2k,.h2k
938,1E30D02015.h2k,.h2k
939,4K23D00100.h2k,.h2k
940,4B40D16464.h2k,.h2k
941,22S8D50059.h2k,.h2k
942,4SR1D01365.h2k,.h2k
943,3C3CD20240.h2k,.h2k
944,3R41D22112.h2k,.h2k
945,9T03D00963.h2k,.h2k
946,1A80D01070.h2k,.h2k
947,34G8D00806.h2k,.h2k
948,4F11D00236.h2k,.h2k
949,7U23D00119.h2k,.h2k
950,5Q51D00079.h2k,.h2k
951,38JRD00337.h2k,.h2k
952,22L4D01502.h2k,.h2k
953,2S52D00034.h2k,.h2k
954,224BD00508.h2k,.h2k
955,4EF4D00096.h2k,.h2k
956,2466D00124.h2k,.h2k
957,4S49D00101.h2k,.h2k
958,22V3D00484.h2k,.h2k
959,1519D07836.h2k,.h2k
960,9J04D00987.h2k,.h2k
961,3R50D21035.h2k,.h2k
962,7Q61D18125.h2k,.h2k
963,4M93D02961.h2k,.h2k
964,7B12D00132.h2k,.h2k
965,2S53D03115.h2k,.h2k
966,7Q28D02318.h2k,.h2k
967,22SRD00338.h2k,.h2k
968,4S26D01133.h2k,.h2k
969,4G67P00086.h2k,.h2k
970,2S62D00286.h2k,.h2k
971,3C89D20170.h2k,.h2k
972,224DD00300.h2k,.h2k
973,7Q85D23330.h2k,.h2k
974,1524D01204.h2k,.h2k
975,7Q41D17017.h2k,.h2k
976,4R32D00171.h2k,.h2k
977,3R33D20132.h2k,.h2k
978,9W07D00658.h2k,.h2k
979,14P7D00354.h2k,.h2k
980,4G07D00598.h2k,.h2k
981,5K02D00985.h2k,.h2k
982,5EV4D00170.h2k,.h2k
983,4MQ8D00032.h2k,.h2k
984,22X6D05501.h2k,.h2k
985,7B05D03193.h2k,.h2k
986,3R19D20216.h2k,.h2k
987,2S95D90406.h2k,.h2k
988,7QB4D00025.h2k,.h2k
989,4C40D00009.h2k,.h2k
990,3R1ID34005.h2k,.h2k
991,4GE5D00267.h2k,.h2k
992,11P3D00059.h2k,.h2k
993,7Q74D21113.h2k,.h2k
994,1E35D01502.h2k,.h2k
995,3452P20635.h2k,.h2k
996,1E17D00289.h2k,.h2k
997,7Q16D16741.h2k,.h2k
998,4S57D00528.h2k,.h2k
999,1N08D00318.h2k,.h2k
